<schedule xmlns:xsi="http://www.w3.org/2001/XMLSchema-instance" xmlns:xsd="http://www.w3.org/2001/XMLSchema" route_id="880_" route_name="Green Line"><direction direction_id="0" direction_name="Westbound"><trip trip_id="23059471" trip_name="2:46 pm from Lechmere - Green Line Inbound to Heath St Platform - Green Line E"><stop stop_sequence="1" stop_id="70210" stop_name="Lechmere - Green Line Inbound" sch_arr_dt="1397241960" sch_dep_dt="1397241960" /><stop stop_sequence="2" stop_id="70208" stop_name="Science Park - Green Line Inbound" sch_arr_dt="1397242080" sch_dep_dt="1397242080" /><stop stop_sequence="3" stop_id="70206" stop_name="North Station - Green Line Inbound" sch_arr_dt="1397242200" sch_dep_dt="1397242200" /><stop stop_sequence="4" stop_id="70204" stop_name="Haymarket - Green Line Inbound" sch_arr_dt="1397242320" sch_dep_dt="1397242320" /><stop stop_sequence="6" stop_id="70199" stop_name="Park St Station - Green Line - E Line Berth" sch_arr_dt="1397242500" sch_dep_dt="1397242500" /><stop stop_sequence="7" stop_id="70159" stop_name="Boylston Station - Outbound" sch_arr_dt="1397242560" sch_dep_dt="1397242560" /><stop stop_sequence="8" stop_id="70157" stop_name="Arlington Station - Outbound" sch_arr_dt="1397242680" sch_dep_dt="1397242680" /><stop stop_sequence="9" stop_id="70155" stop_name="Copley Station - Outbound" sch_arr_dt="1397242740" sch_dep_dt="1397242740" /><stop stop_sequence="10" stop_id="70239" stop_name="Prudential Station - Outbound" sch_arr_dt="1397242860" sch_dep_dt="1397242860" /><stop stop_sequence="11" stop_id="70241" stop_name="Symphony Station - Outbound" sch_arr_dt="1397242980" sch_dep_dt="1397242980" /><stop stop_sequence="12" stop_id="70243" stop_name="Northeastern - Outbound" sch_arr_dt="1397243100" sch_dep_dt="1397243100" /><stop stop_sequence="13" stop_id="70245" stop_name="Museum of Fine Arts - Outbound" sch_arr_dt="1397243280" sch_dep_dt="1397243280" /><stop stop_sequence="14" stop_id="70247" stop_name="Longwood Med Area - Outbound" sch_arr_dt="1397243340" sch_dep_dt="1397243340" /><stop stop_sequence="15" stop_id="70249" stop_name="Brigham Circle - Outbound" sch_arr_dt="1397243460" sch_dep_dt="1397243460" /><stop stop_sequence="16" stop_id="70251" stop_name="Fenwood Rd - Outbound" sch_arr_dt="1397243460" sch_dep_dt="1397243460" /><stop stop_sequence="17" stop_id="70253" stop_name="Mission Park - Outbound" sch_arr_dt="1397243580" sch_dep_dt="1397243580" /><stop stop_sequence="18" stop_id="70255" stop_name="Riverway - Outbound" sch_arr_dt="1397243640" sch_dep_dt="1397243640" /><stop stop_sequence="19" stop_id="70257" stop_name="Back of Hill - Outbound" sch_arr_dt="1397243700" sch_dep_dt="1397243700" /><stop stop_sequence="20" stop_id="70260" stop_name="Heath St Platform - Green Line E" sch_arr_dt="1397243760" sch_dep_dt="1397243760" /></trip><trip trip_id="23059490" trip_name="2:53 pm from Lechmere - Green Line Inbound to Heath St Platform - Green Line E"><stop stop_sequence="1" stop_id="70210" stop_name="Lechmere - Green Line Inbound" sch_arr_dt="1397242380" sch_dep_dt="1397242380" /><stop stop_sequence="2" stop_id="70208" stop_name="Science Park - Green Line Inbound" sch_arr_dt="1397242500" sch_dep_dt="1397242500" /><stop stop_sequence="3" stop_id="70206" stop_name="North Station - Green Line Inbound" sch_arr_dt="1397242620" sch_dep_dt="1397242620" /><stop stop_sequence="4" stop_id="70204" stop_name="Haymarket - Green Line Inbound" sch_arr_dt="1397242740" sch_dep_dt="1397242740" /><stop stop_sequence="6" stop_id="70199" stop_name="Park St Station - Green Line - E Line Berth" sch_arr_dt="1397242920" sch_dep_dt="1397242920" /><stop stop_sequence="7" stop_id="70159" stop_name="Boylston Station - Outbound" sch_arr_dt="1397242980" sch_dep_dt="1397242980" /><stop stop_sequence="8" stop_id="70157" stop_name="Arlington Station - Outbound" sch_arr_dt="1397243100" sch_dep_dt="1397243100" /><stop stop_sequence="9" stop_id="70155" stop_name="Copley Station - Outbound" sch_arr_dt="1397243160" sch_dep_dt="1397243160" /><stop stop_sequence="10" stop_id="70239" stop_name="Prudential Station - Outbound" sch_arr_dt="1397243280" sch_dep_dt="1397243280" /><stop stop_sequence="11" stop_id="70241" stop_name="Symphony Station - Outbound" sch_arr_dt="1397243400" sch_dep_dt="1397243400" /><stop stop_sequence="12" stop_id="70243" stop_name="Northeastern - Outbound" sch_arr_dt="1397243520" sch_dep_dt="1397243520" /><stop stop_sequence="13" stop_id="70245" stop_name="Museum of Fine Arts - Outbound" sch_arr_dt="1397243700" sch_dep_dt="1397243700" /><stop stop_sequence="14" stop_id="70247" stop_name="Longwood Med Area - Outbound" sch_arr_dt="1397243760" sch_dep_dt="1397243760" /><stop stop_sequence="15" stop_id="70249" stop_name="Brigham Circle - Outbound" sch_arr_dt="1397243880" sch_dep_dt="1397243880" /><stop stop_sequence="16" stop_id="70251" stop_name="Fenwood Rd - Outbound" sch_arr_dt="1397243880" sch_dep_dt="1397243880" /><stop stop_sequence="17" stop_id="70253" stop_name="Mission Park - Outbound" sch_arr_dt="1397244000" sch_dep_dt="1397244000" /><stop stop_sequence="18" stop_id="70255" stop_name="Riverway - Outbound" sch_arr_dt="1397244060" sch_dep_dt="1397244060" /><stop stop_sequence="19" stop_id="70257" stop_name="Back of Hill - Outbound" sch_arr_dt="1397244120" sch_dep_dt="1397244120" /><stop stop_sequence="20" stop_id="70260" stop_name="Heath St Platform - Green Line E" sch_arr_dt="1397244180" sch_dep_dt="1397244180" /></trip><trip trip_id="23059514" trip_name="3:00 pm from Lechmere - Green Line Inbound to Heath St Platform - Green Line E"><stop stop_sequence="1" stop_id="70210" stop_name="Lechmere - Green Line Inbound" sch_arr_dt="1397242800" sch_dep_dt="1397242800" /><stop stop_sequence="2" stop_id="70208" stop_name="Science Park - Green Line Inbound" sch_arr_dt="1397242920" sch_dep_dt="1397242920" /><stop stop_sequence="3" stop_id="70206" stop_name="North Station - Green Line Inbound" sch_arr_dt="1397243040" sch_dep_dt="1397243040" /><stop stop_sequence="4" stop_id="70204" stop_name="Haymarket - Green Line Inbound" sch_arr_dt="1397243160" sch_dep_dt="1397243160" /><stop stop_sequence="6" stop_id="70199" stop_name="Park St Station - Green Line - E Line Berth" sch_arr_dt="1397243340" sch_dep_dt="1397243340" /><stop stop_sequence="7" stop_id="70159" stop_name="Boylston Station - Outbound" sch_arr_dt="1397243400" sch_dep_dt="1397243400" /><stop stop_sequence="8" stop_id="70157" stop_name="Arlington Station - Outbound" sch_arr_dt="1397243520" sch_dep_dt="1397243520" /><stop stop_sequence="9" stop_id="70155" stop_name="Copley Station - Outbound" sch_arr_dt="1397243580" sch_dep_dt="1397243580" /><stop stop_sequence="10" stop_id="70239" stop_name="Prudential Station - Outbound" sch_arr_dt="1397243700" sch_dep_dt="1397243700" /><stop stop_sequence="11" stop_id="70241" stop_name="Symphony Station - Outbound" sch_arr_dt="1397243820" sch_dep_dt="1397243820" /><stop stop_sequence="12" stop_id="70243" stop_name="Northeastern - Outbound" sch_arr_dt="1397243940" sch_dep_dt="1397243940" /><stop stop_sequence="13" stop_id="70245" stop_name="Museum of Fine Arts - Outbound" sch_arr_dt="1397244120" sch_dep_dt="1397244120" /><stop stop_sequence="14" stop_id="70247" stop_name="Longwood Med Area - Outbound" sch_arr_dt="1397244180" sch_dep_dt="1397244180" /><stop stop_sequence="15" stop_id="70249" stop_name="Brigham Circle - Outbound" sch_arr_dt="1397244300" sch_dep_dt="1397244300" /><stop stop_sequence="16" stop_id="70251" stop_name="Fenwood Rd - Outbound" sch_arr_dt="1397244300" sch_dep_dt="1397244300" /><stop stop_sequence="17" stop_id="70253" stop_name="Mission Park - Outbound" sch_arr_dt="1397244420" sch_dep_dt="1397244420" /><stop stop_sequence="18" stop_id="70255" stop_name="Riverway - Outbound" sch_arr_dt="1397244480" sch_dep_dt="1397244480" /><stop stop_sequence="19" stop_id="70257" stop_name="Back of Hill - Outbound" sch_arr_dt="1397244540" sch_dep_dt="1397244540" /><stop stop_sequence="20" stop_id="70260" stop_name="Heath St Platform - Green Line E" sch_arr_dt="1397244600" sch_dep_dt="1397244600" /></trip></direction></schedule>